{"v": "5.11.0", "fr": 29.9700012207031, "ip": 0, "op": 112.000004561854, "w": 947, "h": 210, "nm": "Comp 1", "ddd": 0, "assets": [{"id": "comp_0", "nm": "Pre-comp 2", "fr": 29.9700012207031, "layers": [{"ddd": 0, "ind": 1, "ty": 5, "nm": "Cursus Integer", "sr": 1, "ks": {"o": {"a": 0, "k": 100, "ix": 11}, "r": {"a": 0, "k": 0, "ix": 10}, "p": {"a": 0, "k": [209, 406, 0], "ix": 2, "l": 2}, "a": {"a": 0, "k": [0, 0, 0], "ix": 1, "l": 2}, "s": {"a": 0, "k": [100, 100, 100], "ix": 6, "l": 2}}, "ao": 0, "t": {"d": {"k": [{"s": {"s": 80, "f": "SegoeUI-Bold", "t": "Cursus Integer", "ca": 0, "j": 0, "tr": 0, "lh": 96, "ls": 0, "fc": [0, 0, 0]}, "t": 0}]}, "p": [], "m": {"g": 1, "a": {"a": 0, "k": [0, 0], "ix": 2}}, "a": []}, "ip": 0, "op": 900.000036657751, "st": 0, "ct": 1, "bm": 0}, {"ddd": 0, "ind": 2, "ty": 5, "nm": "Consequat", "sr": 1, "ks": {"o": {"a": 0, "k": 100, "ix": 11}, "r": {"a": 0, "k": 0, "ix": 10}, "p": {"a": 0, "k": [209.5, 306, 0], "ix": 2, "l": 2}, "a": {"a": 0, "k": [0, 0, 0], "ix": 1, "l": 2}, "s": {"a": 0, "k": [100, 100, 100], "ix": 6, "l": 2}}, "ao": 0, "t": {"d": {"k": [{"s": {"s": 80, "f": "SegoeUI-Bold", "t": "Consequat", "ca": 0, "j": 0, "tr": 0, "lh": 96, "ls": 0, "fc": [0, 0, 0]}, "t": 0}]}, "p": [], "m": {"g": 1, "a": {"a": 0, "k": [0, 0], "ix": 2}}, "a": []}, "ip": 0, "op": 900.000036657751, "st": 0, "ct": 1, "bm": 0}, {"ddd": 0, "ind": 3, "ty": 0, "nm": "Pre-comp 1", "refId": "comp_1", "sr": 1, "ks": {"o": {"a": 0, "k": 100, "ix": 11}, "r": {"a": 0, "k": 0, "ix": 10}, "p": {"a": 0, "k": [1423, 601, 0], "ix": 2, "l": 2}, "a": {"a": 0, "k": [825, 336, 0], "ix": 1, "l": 2}, "s": {"a": 0, "k": [100, 100, 100], "ix": 6, "l": 2}}, "ao": 0, "w": 1650, "h": 672, "ip": 0, "op": 900.000036657751, "st": 0, "bm": 0}]}, {"id": "comp_1", "nm": "Pre-comp 1", "fr": 29.9700012207031, "layers": [{"ddd": 0, "ind": 1, "ty": 4, "nm": "Shape Layer 2", "sr": 1, "ks": {"o": {"a": 0, "k": 100, "ix": 11}, "r": {"a": 0, "k": 0, "ix": 10}, "p": {"a": 1, "k": [{"i": {"x": 0.833, "y": 0.833}, "o": {"x": 0.167, "y": 0.167}, "t": 0, "s": [531.5, 348, 0], "to": [0, 0, 0], "ti": [0, 0, 0]}, {"i": {"x": 0.833, "y": 0.833}, "o": {"x": 0.167, "y": 0.167}, "t": 3, "s": [577.5, 348, 0], "to": [0, 0, 0], "ti": [0, 0, 0]}, {"i": {"x": 0.833, "y": 0.833}, "o": {"x": 0.167, "y": 0.167}, "t": 6, "s": [607.5, 348, 0], "to": [0, 0, 0], "ti": [0, 0, 0]}, {"i": {"x": 0.833, "y": 0.833}, "o": {"x": 0.167, "y": 0.167}, "t": 9, "s": [627.5, 348, 0], "to": [0, 0, 0], "ti": [0, 0, 0]}, {"i": {"x": 0.833, "y": 0.833}, "o": {"x": 0.167, "y": 0.167}, "t": 12, "s": [662.5, 348, 0], "to": [0, 0, 0], "ti": [0, 0, 0]}, {"i": {"x": 0.833, "y": 0.833}, "o": {"x": 0.167, "y": 0.167}, "t": 15, "s": [697.5, 348, 0], "to": [0, 0, 0], "ti": [0, 0, 0]}, {"i": {"x": 0.833, "y": 0.833}, "o": {"x": 0.167, "y": 0.167}, "t": 18, "s": [717.5, 348, 0], "to": [0, 0, 0], "ti": [0, 0, 0]}, {"i": {"x": 0.833, "y": 0.833}, "o": {"x": 0.167, "y": 0.167}, "t": 21, "s": [762.5, 348, 0], "to": [0, 0, 0], "ti": [0, 0, 0]}, {"i": {"x": 0.833, "y": 0.833}, "o": {"x": 0.167, "y": 0.167}, "t": 24, "s": [812.5, 348, 0], "to": [0, 0, 0], "ti": [0, 0, 0]}, {"i": {"x": 0.833, "y": 0.833}, "o": {"x": 0.167, "y": 0.167}, "t": 27, "s": [860, 348, 0], "to": [0, 0, 0], "ti": [0, 0, 0]}, {"i": {"x": 0.833, "y": 0.833}, "o": {"x": 0.167, "y": 0.167}, "t": 30, "s": [885, 348, 0], "to": [0, 0, 0], "ti": [0, 0, 0]}, {"i": {"x": 0.833, "y": 0.833}, "o": {"x": 0.167, "y": 0.167}, "t": 63, "s": [885, 348, 0], "to": [0, 0, 0], "ti": [0, 0, 0]}, {"i": {"x": 0.833, "y": 0.833}, "o": {"x": 0.167, "y": 0.167}, "t": 66, "s": [860, 348, 0], "to": [0, 0, 0], "ti": [0, 0, 0]}, {"i": {"x": 0.833, "y": 0.833}, "o": {"x": 0.167, "y": 0.167}, "t": 69, "s": [812.5, 348, 0], "to": [0, 0, 0], "ti": [0, 0, 0]}, {"i": {"x": 0.833, "y": 0.833}, "o": {"x": 0.167, "y": 0.167}, "t": 72, "s": [762.5, 348, 0], "to": [0, 0, 0], "ti": [0, 0, 0]}, {"i": {"x": 0.833, "y": 0.833}, "o": {"x": 0.167, "y": 0.167}, "t": 75, "s": [717.5, 348, 0], "to": [0, 0, 0], "ti": [0, 0, 0]}, {"i": {"x": 0.833, "y": 0.833}, "o": {"x": 0.167, "y": 0.167}, "t": 78, "s": [697.5, 348, 0], "to": [0, 0, 0], "ti": [0, 0, 0]}, {"i": {"x": 0.833, "y": 0.833}, "o": {"x": 0.167, "y": 0.167}, "t": 81, "s": [662.5, 348, 0], "to": [0, 0, 0], "ti": [0, 0, 0]}, {"i": {"x": 0.833, "y": 0.833}, "o": {"x": 0.167, "y": 0.167}, "t": 84, "s": [627.5, 348, 0], "to": [0, 0, 0], "ti": [0, 0, 0]}, {"i": {"x": 0.833, "y": 0.833}, "o": {"x": 0.167, "y": 0.167}, "t": 87, "s": [607.5, 348, 0], "to": [0, 0, 0], "ti": [0, 0, 0]}, {"i": {"x": 0.833, "y": 0.833}, "o": {"x": 0.167, "y": 0.167}, "t": 90, "s": [577.5, 348, 0], "to": [0, 0, 0], "ti": [0, 0, 0]}, {"t": 93.0000037879676, "s": [531.5, 348, 0]}], "ix": 2, "l": 2}, "a": {"a": 0, "k": [0, 0, 0], "ix": 1, "l": 2}, "s": {"a": 0, "k": [125, 105.48, 100], "ix": 6, "l": 2}}, "ao": 0, "shapes": [{"ty": "gr", "it": [{"ty": "rc", "d": 1, "s": {"a": 0, "k": [279.5, 109], "ix": 2}, "p": {"a": 0, "k": [0, 0], "ix": 3}, "r": {"a": 0, "k": 0, "ix": 4}, "nm": "Rectangle Path 1", "mn": "ADBE Vector Shape - Rect", "hd": false}, {"ty": "st", "c": {"a": 0, "k": [0.996078431373, 0.929411764706, 0.737254901961, 1], "ix": 3}, "o": {"a": 0, "k": 100, "ix": 4}, "w": {"a": 0, "k": 2, "ix": 5}, "lc": 1, "lj": 1, "ml": 4, "bm": 0, "nm": "Stroke 1", "mn": "ADBE Vector Graphic - Stroke", "hd": false}, {"ty": "fl", "c": {"a": 0, "k": [0.996078431373, 0.929411764706, 0.737254901961, 1], "ix": 4}, "o": {"a": 0, "k": 100, "ix": 5}, "r": 1, "bm": 0, "nm": "Fill 1", "mn": "ADBE Vector Graphic - Fill", "hd": false}, {"ty": "tr", "p": {"a": 0, "k": [-146.75, -219], "ix": 2}, "a": {"a": 0, "k": [0, 0], "ix": 1}, "s": {"a": 0, "k": [100, 100], "ix": 3}, "r": {"a": 0, "k": 0, "ix": 6}, "o": {"a": 0, "k": 100, "ix": 7}, "sk": {"a": 0, "k": 0, "ix": 4}, "sa": {"a": 0, "k": 0, "ix": 5}, "nm": "Transform"}], "nm": "Rectangle 1", "np": 3, "cix": 2, "bm": 0, "ix": 1, "mn": "ADBE Vector Group", "hd": false}], "ip": 0, "op": 112.000004561854, "st": 0, "ct": 1, "bm": 0}, {"ddd": 0, "ind": 2, "ty": 4, "nm": "Shape Layer 1", "sr": 1, "ks": {"o": {"a": 1, "k": [{"i": {"x": [0.833], "y": [0.833]}, "o": {"x": [0.167], "y": [0.167]}, "t": 33, "s": [100]}, {"i": {"x": [0.833], "y": [0.833]}, "o": {"x": [0.167], "y": [0.167]}, "t": 36, "s": [50]}, {"i": {"x": [0.833], "y": [0.833]}, "o": {"x": [0.167], "y": [0.167]}, "t": 39, "s": [100]}, {"i": {"x": [0.833], "y": [0.833]}, "o": {"x": [0.167], "y": [0.167]}, "t": 42, "s": [50]}, {"i": {"x": [0.833], "y": [0.833]}, "o": {"x": [0.167], "y": [0.167]}, "t": 45, "s": [100]}, {"i": {"x": [0.833], "y": [0.833]}, "o": {"x": [0.167], "y": [0.167]}, "t": 48, "s": [50]}, {"i": {"x": [0.833], "y": [0.833]}, "o": {"x": [0.167], "y": [0.167]}, "t": 51, "s": [100]}, {"i": {"x": [0.833], "y": [0.833]}, "o": {"x": [0.167], "y": [0.167]}, "t": 54, "s": [50]}, {"i": {"x": [0.833], "y": [0.833]}, "o": {"x": [0.167], "y": [0.167]}, "t": 57, "s": [100]}, {"i": {"x": [0.833], "y": [0.833]}, "o": {"x": [0.167], "y": [0.167]}, "t": 60, "s": [50]}, {"i": {"x": [0.833], "y": [0.833]}, "o": {"x": [0.167], "y": [0.167]}, "t": 63, "s": [100]}, {"i": {"x": [0.833], "y": [0.833]}, "o": {"x": [0.167], "y": [0.167]}, "t": 96, "s": [100]}, {"i": {"x": [0.833], "y": [0.833]}, "o": {"x": [0.167], "y": [0.167]}, "t": 99, "s": [50]}, {"i": {"x": [0.833], "y": [0.833]}, "o": {"x": [0.167], "y": [0.167]}, "t": 102, "s": [100]}, {"i": {"x": [0.833], "y": [0.833]}, "o": {"x": [0.167], "y": [0.167]}, "t": 105, "s": [50]}, {"i": {"x": [0.833], "y": [0.833]}, "o": {"x": [0.167], "y": [0.167]}, "t": 108, "s": [100]}, {"t": 111.000004521123, "s": [50]}], "ix": 11}, "r": {"a": 0, "k": 0, "ix": 10}, "p": {"a": 1, "k": [{"i": {"x": 0.833, "y": 0.833}, "o": {"x": 0.167, "y": 0.167}, "t": 0, "s": [460.5, 336, 0], "to": [0, 0, 0], "ti": [0, 0, 0]}, {"i": {"x": 0.833, "y": 0.833}, "o": {"x": 0.167, "y": 0.167}, "t": 3, "s": [506.5, 336, 0], "to": [0, 0, 0], "ti": [0, 0, 0]}, {"i": {"x": 0.833, "y": 0.833}, "o": {"x": 0.167, "y": 0.167}, "t": 6, "s": [536.5, 336, 0], "to": [0, 0, 0], "ti": [0, 0, 0]}, {"i": {"x": 0.833, "y": 0.833}, "o": {"x": 0.167, "y": 0.167}, "t": 9, "s": [556.5, 336, 0], "to": [0, 0, 0], "ti": [0, 0, 0]}, {"i": {"x": 0.833, "y": 0.833}, "o": {"x": 0.167, "y": 0.167}, "t": 12, "s": [591.5, 336, 0], "to": [0, 0, 0], "ti": [0, 0, 0]}, {"i": {"x": 0.833, "y": 0.833}, "o": {"x": 0.167, "y": 0.167}, "t": 15, "s": [626.5, 336, 0], "to": [0, 0, 0], "ti": [0, 0, 0]}, {"i": {"x": 0.833, "y": 0.833}, "o": {"x": 0.167, "y": 0.167}, "t": 18, "s": [646.5, 336, 0], "to": [0, 0, 0], "ti": [0, 0, 0]}, {"i": {"x": 0.833, "y": 0.833}, "o": {"x": 0.167, "y": 0.167}, "t": 21, "s": [691.5, 336, 0], "to": [0, 0, 0], "ti": [0, 0, 0]}, {"i": {"x": 0.833, "y": 0.833}, "o": {"x": 0.167, "y": 0.167}, "t": 24, "s": [741.5, 336, 0], "to": [0, 0, 0], "ti": [0, 0, 0]}, {"i": {"x": 0.833, "y": 0.833}, "o": {"x": 0.167, "y": 0.167}, "t": 27, "s": [789, 336, 0], "to": [0, 0, 0], "ti": [0, 0, 0]}, {"i": {"x": 0.833, "y": 0.833}, "o": {"x": 0.167, "y": 0.167}, "t": 30, "s": [814, 336, 0], "to": [0, 0, 0], "ti": [0, 0, 0]}, {"i": {"x": 0.833, "y": 0.833}, "o": {"x": 0.167, "y": 0.167}, "t": 63, "s": [814, 336, 0], "to": [0, 0, 0], "ti": [0, 0, 0]}, {"i": {"x": 0.833, "y": 0.833}, "o": {"x": 0.167, "y": 0.167}, "t": 66, "s": [789, 336, 0], "to": [0, 0, 0], "ti": [0, 0, 0]}, {"i": {"x": 0.833, "y": 0.833}, "o": {"x": 0.167, "y": 0.167}, "t": 69, "s": [741.5, 336, 0], "to": [0, 0, 0], "ti": [0, 0, 0]}, {"i": {"x": 0.833, "y": 0.833}, "o": {"x": 0.167, "y": 0.167}, "t": 72, "s": [691.5, 336, 0], "to": [0, 0, 0], "ti": [0, 0, 0]}, {"i": {"x": 0.833, "y": 0.833}, "o": {"x": 0.167, "y": 0.167}, "t": 75, "s": [646.5, 336, 0], "to": [0, 0, 0], "ti": [0, 0, 0]}, {"i": {"x": 0.833, "y": 0.833}, "o": {"x": 0.167, "y": 0.167}, "t": 78, "s": [626.5, 336, 0], "to": [0, 0, 0], "ti": [0, 0, 0]}, {"i": {"x": 0.833, "y": 0.833}, "o": {"x": 0.167, "y": 0.167}, "t": 81, "s": [591.5, 336, 0], "to": [0, 0, 0], "ti": [0, 0, 0]}, {"i": {"x": 0.833, "y": 0.833}, "o": {"x": 0.167, "y": 0.167}, "t": 84, "s": [556.5, 336, 0], "to": [0, 0, 0], "ti": [0, 0, 0]}, {"i": {"x": 0.833, "y": 0.833}, "o": {"x": 0.167, "y": 0.167}, "t": 87, "s": [536.5, 336, 0], "to": [0, 0, 0], "ti": [0, 0, 0]}, {"i": {"x": 0.833, "y": 0.833}, "o": {"x": 0.167, "y": 0.167}, "t": 90, "s": [506.5, 336, 0], "to": [0, 0, 0], "ti": [0, 0, 0]}, {"t": 93.0000037879676, "s": [460.5, 336, 0]}], "ix": 2, "l": 2}, "a": {"a": 0, "k": [0, 0, 0], "ix": 1, "l": 2}, "s": {"a": 0, "k": [100, 100, 100], "ix": 6, "l": 2}}, "ao": 0, "shapes": [{"ty": "gr", "it": [{"ty": "rc", "d": 1, "s": {"a": 0, "k": [9, 109], "ix": 2}, "p": {"a": 0, "k": [0, 0], "ix": 3}, "r": {"a": 0, "k": 0, "ix": 4}, "nm": "Rectangle Path 1", "mn": "ADBE Vector Shape - Rect", "hd": false}, {"ty": "st", "c": {"a": 0, "k": [0, 0, 0, 1], "ix": 3}, "o": {"a": 0, "k": 100, "ix": 4}, "w": {"a": 0, "k": 2, "ix": 5}, "lc": 1, "lj": 1, "ml": 4, "bm": 0, "nm": "Stroke 1", "mn": "ADBE Vector Graphic - Stroke", "hd": false}, {"ty": "fl", "c": {"a": 0, "k": [0, 0, 0, 1], "ix": 4}, "o": {"a": 0, "k": 100, "ix": 5}, "r": 1, "bm": 0, "nm": "Fill 1", "mn": "ADBE Vector Graphic - Fill", "hd": false}, {"ty": "tr", "p": {"a": 0, "k": [-292.5, -218.5], "ix": 2}, "a": {"a": 0, "k": [0, 0], "ix": 1}, "s": {"a": 0, "k": [100, 100], "ix": 3}, "r": {"a": 0, "k": 0, "ix": 6}, "o": {"a": 0, "k": 100, "ix": 7}, "sk": {"a": 0, "k": 0, "ix": 4}, "sa": {"a": 0, "k": 0, "ix": 5}, "nm": "Transform"}], "nm": "Rectangle 1", "np": 3, "cix": 2, "bm": 0, "ix": 1, "mn": "ADBE Vector Group", "hd": false}], "ip": 0, "op": 112.000004561854, "st": 0, "ct": 1, "bm": 0}, {"ddd": 0, "ind": 3, "ty": 5, "nm": "Tristique.", "sr": 1, "ks": {"o": {"a": 0, "k": 100, "ix": 11}, "r": {"a": 0, "k": 0, "ix": 10}, "p": {"a": 0, "k": [163, 143, 0], "ix": 2, "l": 2}, "a": {"a": 0, "k": [0, 0, 0], "ix": 1, "l": 2}, "s": {"a": 0, "k": [100, 100, 100], "ix": 6, "l": 2}}, "ao": 0, "t": {"d": {"k": [{"s": {"s": 80, "f": "SegoeUI-Bold", "t": "Tristique.", "ca": 0, "j": 0, "tr": 0, "lh": 96, "ls": 0, "fc": [0, 0, 0]}, "t": 0}]}, "p": [], "m": {"g": 1, "a": {"a": 0, "k": [0, 0], "ix": 2}}, "a": []}, "ip": 0, "op": 112.000004561854, "st": 0, "ct": 1, "bm": 0}]}], "fonts": {"list": [{"fName": "SegoeUI-Bold", "fFamily": "Segoe UI", "fStyle": "Bold", "ascent": 74.0234375}]}, "layers": [{"ddd": 0, "ind": 1, "ty": 0, "nm": "Pre-comp 2", "refId": "comp_0", "sr": 1, "ks": {"o": {"a": 0, "k": 100, "ix": 11}, "r": {"a": 0, "k": 0, "ix": 10}, "p": {"a": 0, "k": [613.5, 107, 0], "ix": 2, "l": 2}, "a": {"a": 0, "k": [825, 336, 0], "ix": 1, "l": 2}, "s": {"a": 0, "k": [100, 100, 100], "ix": 6, "l": 2}}, "ao": 0, "w": 1650, "h": 672, "ip": 0, "op": 900.000036657751, "st": 0, "bm": 0}], "markers": [], "props": [], "chars": [{"ch": "T", "size": 80, "style": "Bold", "w": 60.6, "data": {"shapes": [{"ty": "gr", "it": [{"ind": 0, "ty": "sh", "ix": 1, "ks": {"a": 0, "k": {"i": [[0, 0], [0, 0], [0, 0], [0, 0], [0, 0], [0, 0], [0, 0], [0, 0]], "o": [[0, 0], [0, 0], [0, 0], [0, 0], [0, 0], [0, 0], [0, 0], [0, 0]], "v": [[57.178, -70.02], [1.514, -70.02], [1.514, -57.178], [21.387, -57.178], [21.387, 0], [37.207, 0], [37.207, -57.178], [57.178, -57.178]], "c": true}, "ix": 2}, "nm": "T", "mn": "ADBE Vector Shape - Group", "hd": false}], "nm": "T", "np": 3, "cix": 2, "bm": 0, "ix": 1, "mn": "ADBE Vector Group", "hd": false}]}, "fFamily": "Segoe UI"}, {"ch": "r", "size": 80, "style": "Bold", "w": 39.79, "data": {"shapes": [{"ty": "gr", "it": [{"ind": 0, "ty": "sh", "ix": 1, "ks": {"a": 0, "k": {"i": [[0, 0], [1.627, 0], [2.441, -6.77], [0, 0], [0, 0], [0, 0], [0, 0], [0, 0], [0, 0], [-1.888, 2.458], [-3.353, 0], [-1.855, -1.009]], "o": [[-0.912, -0.391], [-6.348, 0], [0, 0], [0, 0], [0, 0], [0, 0], [0, 0], [0, 0], [0, -4.231], [1.888, -2.457], [2.473, 0], [0, 0]], "v": [[39.111, -50.293], [35.303, -50.879], [22.119, -40.723], [21.924, -40.723], [21.924, -50], [6.494, -50], [6.494, 0], [21.924, 0], [21.924, -23.877], [24.756, -33.911], [32.617, -37.598], [39.111, -36.084]], "c": true}, "ix": 2}, "nm": "r", "mn": "ADBE Vector Shape - Group", "hd": false}], "nm": "r", "np": 3, "cix": 2, "bm": 0, "ix": 1, "mn": "ADBE Vector Group", "hd": false}]}, "fFamily": "Segoe UI"}, {"ch": "i", "size": 80, "style": "Bold", "w": 28.42, "data": {"shapes": [{"ty": "gr", "it": [{"ind": 0, "ty": "sh", "ix": 1, "ks": {"a": 0, "k": {"i": [[-1.644, 1.498], [0, 2.344], [1.643, 1.465], [2.637, 0], [1.66, -1.465], [0, -2.311], [-1.66, -1.546], [-2.605, 0]], "o": [[1.643, -1.497], [0, -2.311], [-1.644, -1.465], [-2.605, 0], [-1.66, 1.465], [0, 2.246], [1.66, 1.546], [2.637, 0]], "v": [[20.728, -60.156], [23.193, -65.918], [20.728, -71.582], [14.307, -73.779], [7.91, -71.582], [5.42, -65.918], [7.91, -60.229], [14.307, -57.91]], "c": true}, "ix": 2}, "nm": "i", "mn": "ADBE Vector Shape - Group", "hd": false}, {"ind": 1, "ty": "sh", "ix": 2, "ks": {"a": 0, "k": {"i": [[0, 0], [0, 0], [0, 0], [0, 0]], "o": [[0, 0], [0, 0], [0, 0], [0, 0]], "v": [[21.924, -50], [6.494, -50], [6.494, 0], [21.924, 0]], "c": true}, "ix": 2}, "nm": "i", "mn": "ADBE Vector Shape - Group", "hd": false}], "nm": "i", "np": 5, "cix": 2, "bm": 0, "ix": 1, "mn": "ADBE Vector Group", "hd": false}]}, "fFamily": "Segoe UI"}, {"ch": "s", "size": 80, "style": "Bold", "w": 43.99, "data": {"shapes": [{"ty": "gr", "it": [{"ind": 0, "ty": "sh", "ix": 1, "ks": {"a": 0, "k": {"i": [[-5.502, 0], [-2.783, 0.602], [-2.132, 1.318], [-1.286, 2.1], [0, 2.962], [0.635, 1.53], [1.188, 1.14], [1.66, 0.847], [2.051, 0.716], [1.155, 0.375], [0.944, 0.472], [0.586, 0.652], [0, 0.912], [-0.391, 0.537], [-0.684, 0.342], [-0.896, 0.179], [-1.009, 0], [-2.23, -0.569], [-1.953, -1.139], [0, 0], [2.278, 0.342], [2.213, 0], [2.62, -0.602], [2.034, -1.286], [1.221, -2.018], [0, -2.799], [-0.537, -1.497], [-1.025, -1.139], [-1.514, -0.862], [-1.986, -0.748], [-1.335, -0.391], [-1.123, -0.488], [-0.716, -0.651], [0, -0.977], [1.579, -0.748], [2.734, 0], [2.522, 0.749], [2.539, 1.53], [0, 0]], "o": [[2.995, 0], [2.783, -0.602], [2.132, -1.318], [1.286, -2.1], [0, -2.116], [-0.635, -1.53], [-1.189, -1.139], [-1.66, -0.846], [-1.14, -0.391], [-1.156, -0.374], [-0.945, -0.471], [-0.586, -0.651], [0, -0.684], [0.391, -0.537], [0.684, -0.342], [0.895, -0.179], [2.148, 0], [2.229, 0.57], [0, 0], [-2.214, -0.651], [-2.279, -0.342], [-2.832, 0], [-2.621, 0.603], [-2.035, 1.286], [-1.221, 2.019], [0, 2.051], [0.537, 1.498], [1.025, 1.14], [1.514, 0.863], [1.237, 0.488], [1.334, 0.391], [1.123, 0.488], [0.716, 0.652], [0, 1.53], [-1.579, 0.749], [-2.246, 0], [-2.523, -0.748], [0, 0], [4.688, 1.692]], "v": [[18.506, 1.221], [27.173, 0.317], [34.546, -2.563], [39.673, -7.69], [41.602, -15.283], [40.649, -20.752], [37.915, -24.756], [33.643, -27.734], [28.076, -30.078], [24.634, -31.226], [21.484, -32.495], [19.189, -34.18], [18.311, -36.523], [18.896, -38.354], [20.508, -39.673], [22.876, -40.454], [25.732, -40.723], [32.3, -39.868], [38.574, -37.305], [38.574, -49.219], [31.836, -50.708], [25.098, -51.221], [16.919, -50.317], [9.937, -47.485], [5.054, -42.529], [3.223, -35.303], [4.028, -29.98], [6.372, -26.025], [10.181, -23.022], [15.43, -20.605], [19.287, -19.287], [22.974, -17.969], [25.732, -16.26], [26.807, -13.818], [24.438, -10.4], [17.969, -9.277], [10.815, -10.4], [3.223, -13.818], [3.223, -1.318]], "c": true}, "ix": 2}, "nm": "s", "mn": "ADBE Vector Shape - Group", "hd": false}], "nm": "s", "np": 3, "cix": 2, "bm": 0, "ix": 1, "mn": "ADBE Vector Group", "hd": false}]}, "fFamily": "Segoe UI"}, {"ch": "t", "size": 80, "style": "Bold", "w": 38.92, "data": {"shapes": [{"ty": "gr", "it": [{"ind": 0, "ty": "sh", "ix": 1, "ks": {"a": 0, "k": {"i": [[0, 0], [1.627, 0], [0, 5.209], [0, 0], [0, 0], [0, 0], [0, 0], [0, 0], [0, 0], [0, 0], [0, 0], [0, 0], [0, 0], [0, 0], [-10.873, 0], [-2.279, 1.204]], "o": [[-1.726, 0.945], [-4.134, 0], [0, 0], [0, 0], [0, 0], [0, 0], [0, 0], [0, 0], [0, 0], [0, 0], [0, 0], [0, 0], [0, 0], [0, 11.296], [4.59, 0], [0, 0]], "v": [[36.719, -12.012], [31.689, -10.596], [25.488, -18.408], [25.488, -38.623], [36.719, -38.623], [36.719, -50], [25.488, -50], [25.488, -65.186], [10.107, -60.791], [10.107, -50], [2.002, -50], [2.002, -38.623], [10.107, -38.623], [10.107, -15.723], [26.416, 1.221], [36.719, -0.586]], "c": true}, "ix": 2}, "nm": "t", "mn": "ADBE Vector Shape - Group", "hd": false}], "nm": "t", "np": 3, "cix": 2, "bm": 0, "ix": 1, "mn": "ADBE Vector Group", "hd": false}]}, "fFamily": "Segoe UI"}, {"ch": "q", "size": 80, "style": "Bold", "w": 61.91, "data": {"shapes": [{"ty": "gr", "it": [{"ind": 0, "ty": "sh", "ix": 1, "ks": {"a": 0, "k": {"i": [[0, 0], [0, 0], [0, 0], [0, 0], [6.12, 0], [4.199, -4.98], [0, -8.333], [-3.825, -4.378], [-6.283, 0], [-3.484, 5.404], [0, 0], [0, 0], [0, 0]], "o": [[0, 0], [0, 0], [0, 0], [-2.93, -4.688], [-6.738, 0], [-4.199, 4.98], [0, 7.91], [3.825, 4.379], [6.77, 0], [0, 0], [0, 0], [0, 0], [0, 0]], "v": [[55.42, -50], [39.99, -50], [39.99, -44.189], [39.795, -44.189], [26.221, -51.221], [9.814, -43.75], [3.516, -23.779], [9.253, -5.347], [24.414, 1.221], [39.795, -6.885], [39.99, -6.885], [39.99, 22.998], [55.42, 22.998]], "c": true}, "ix": 2}, "nm": "q", "mn": "ADBE Vector Shape - Group", "hd": false}, {"ind": 1, "ty": "sh", "ix": 2, "ks": {"a": 0, "k": {"i": [[1.969, -2.441], [3.255, 0], [1.904, 2.409], [0, 4.265], [-1.953, 2.686], [-3.418, 0], [-1.888, -2.213], [0, -3.255], [0, 0]], "o": [[-1.97, 2.441], [-3.06, 0], [-1.904, -2.409], [0, -4.752], [1.953, -2.686], [2.962, 0], [1.888, 2.214], [0, 0], [0, 3.972]], "v": [[37.329, -14.258], [29.492, -10.596], [22.046, -14.209], [19.189, -24.219], [22.119, -35.376], [30.176, -39.404], [37.451, -36.084], [40.283, -27.881], [40.283, -23.877]], "c": true}, "ix": 2}, "nm": "q", "mn": "ADBE Vector Shape - Group", "hd": false}], "nm": "q", "np": 5, "cix": 2, "bm": 0, "ix": 1, "mn": "ADBE Vector Group", "hd": false}]}, "fFamily": "Segoe UI"}, {"ch": "u", "size": 80, "style": "Bold", "w": 60.5, "data": {"shapes": [{"ty": "gr", "it": [{"ind": 0, "ty": "sh", "ix": 1, "ks": {"a": 0, "k": {"i": [[0, 0], [0, 0], [0, 0], [1.66, -1.936], [2.766, 0], [0, 7.064], [0, 0], [0, 0], [0, 0], [-11.589, 0], [-3.809, 5.892], [0, 0], [0, 0], [0, 0]], "o": [[0, 0], [0, 0], [0, 3.32], [-1.66, 1.937], [-5.599, 0], [0, 0], [0, 0], [0, 0], [0, 14.03], [6.38, 0], [0, 0], [0, 0], [0, 0], [0, 0]], "v": [[54.004, -50], [38.623, -50], [38.623, -21.387], [36.133, -13.501], [29.492, -10.596], [21.094, -21.191], [21.094, -50], [5.713, -50], [5.713, -19.824], [23.096, 1.221], [38.379, -7.617], [38.623, -7.617], [38.623, 0], [54.004, 0]], "c": true}, "ix": 2}, "nm": "u", "mn": "ADBE Vector Shape - Group", "hd": false}], "nm": "u", "np": 3, "cix": 2, "bm": 0, "ix": 1, "mn": "ADBE Vector Group", "hd": false}]}, "fFamily": "Segoe UI"}, {"ch": "e", "size": 80, "style": "Bold", "w": 54.1, "data": {"shapes": [{"ty": "gr", "it": [{"ind": 0, "ty": "sh", "ix": 1, "ks": {"a": 0, "k": {"i": [[0, 0], [3.987, 4.33], [7.291, 0], [4.817, -4.85], [0, -8.301], [-4.46, -4.475], [-8.073, 0], [-4.623, 2.474], [0, 0], [5.501, 0], [0.52, 7.259], [0, 0]], "o": [[0, -7.422], [-3.988, -4.329], [-7.031, 0], [-4.818, 4.851], [0, 8.008], [4.459, 4.476], [7.389, 0], [0, 0], [-4.167, 2.605], [-8.627, 0], [0, 0], [0, 0]], "v": [[51.416, -27.1], [45.435, -44.727], [28.516, -51.221], [10.742, -43.945], [3.516, -24.219], [10.205, -5.493], [29.004, 1.221], [47.021, -2.49], [47.021, -13.623], [32.52, -9.717], [18.799, -20.605], [51.416, -20.605]], "c": true}, "ix": 2}, "nm": "e", "mn": "ADBE Vector Shape - Group", "hd": false}, {"ind": 1, "ty": "sh", "ix": 2, "ks": {"a": 0, "k": {"i": [[0, 0], [-1.807, 2.051], [-2.474, 0], [0, -7.161]], "o": [[0.391, -3.059], [1.807, -2.051], [5.794, 0], [0, 0]], "v": [[18.701, -30.078], [21.997, -37.744], [28.418, -40.82], [37.109, -30.078]], "c": true}, "ix": 2}, "nm": "e", "mn": "ADBE Vector Shape - Group", "hd": false}], "nm": "e", "np": 5, "cix": 2, "bm": 0, "ix": 1, "mn": "ADBE Vector Group", "hd": false}]}, "fFamily": "Segoe UI"}, {"ch": ".", "size": 80, "style": "Bold", "w": 27.1, "data": {"shapes": [{"ty": "gr", "it": [{"ind": 0, "ty": "sh", "ix": 1, "ks": {"a": 0, "k": {"i": [[-1.709, 1.514], [0, 2.377], [1.676, 1.514], [2.637, 0], [1.741, -1.497], [0, -2.344], [-1.693, -1.562], [-2.539, 0]], "o": [[1.709, -1.514], [0, -2.311], [-1.677, -1.514], [-2.605, 0], [-1.742, 1.498], [0, 2.279], [1.692, 1.562], [2.734, 0]], "v": [[20.044, -1.05], [22.607, -6.885], [20.093, -12.622], [13.623, -14.893], [7.104, -12.646], [4.492, -6.885], [7.031, -1.123], [13.379, 1.221]], "c": true}, "ix": 2}, "nm": ".", "mn": "ADBE Vector Shape - Group", "hd": false}], "nm": ".", "np": 3, "cix": 2, "bm": 0, "ix": 1, "mn": "ADBE Vector Group", "hd": false}]}, "fFamily": "Segoe UI"}, {"ch": "C", "size": 80, "style": "Bold", "w": 59.42, "data": {"shapes": [{"ty": "gr", "it": [{"ind": 0, "ty": "sh", "ix": 1, "ks": {"a": 0, "k": {"i": [[0, 0], [6.152, 0], [3.809, 4.021], [0, 6.771], [-4.037, 4.134], [-6.576, 0], [-4.688, -2.799], [0, 0], [6.836, 0], [6.917, -6.966], [0, -11.198], [-6.152, -6.315], [-10.742, 0], [-5.111, 2.474]], "o": [[-5.111, 2.995], [-6.445, 0], [-3.809, -4.02], [0, -7.063], [4.036, -4.134], [5.989, 0], [0, 0], [-4.688, -1.725], [-11.035, 0], [-6.918, 6.966], [0, 10.515], [6.152, 6.316], [8.235, 0], [0, 0]], "v": [[58.203, -16.895], [41.309, -12.402], [25.928, -18.433], [20.215, -34.619], [26.27, -51.416], [42.188, -57.617], [58.203, -53.418], [58.203, -68.604], [40.918, -71.191], [13.989, -60.742], [3.613, -33.496], [12.842, -8.252], [38.184, 1.221], [58.203, -2.49]], "c": true}, "ix": 2}, "nm": "C", "mn": "ADBE Vector Shape - Group", "hd": false}], "nm": "C", "np": 3, "cix": 2, "bm": 0, "ix": 1, "mn": "ADBE Vector Group", "hd": false}]}, "fFamily": "Segoe UI"}, {"ch": "o", "size": 80, "style": "Bold", "w": 61.13, "data": {"shapes": [{"ty": "gr", "it": [{"ind": 0, "ty": "sh", "ix": 1, "ks": {"a": 0, "k": {"i": [[-4.867, 4.818], [0, 8.301], [4.72, 4.671], [8.301, 0], [4.948, -4.671], [0, -8.268], [-4.769, -4.671], [-8.334, 0]], "o": [[4.866, -4.817], [0, -7.682], [-4.72, -4.671], [-8.431, 0], [-4.948, 4.671], [0, 8.008], [4.768, 4.671], [8.463, 0]], "v": [[50.317, -6.006], [57.617, -25.684], [50.537, -44.214], [31.006, -51.221], [10.938, -44.214], [3.516, -24.805], [10.669, -5.786], [30.322, 1.221]], "c": true}, "ix": 2}, "nm": "o", "mn": "ADBE Vector Shape - Group", "hd": false}, {"ind": 1, "ty": "sh", "ix": 2, "ks": {"a": 0, "k": {"i": [[0, -9.342], [7.389, 0], [0, 9.603], [-2.019, 2.507], [-3.646, 0]], "o": [[0, 9.863], [-7.748, 0], [0, -4.59], [2.018, -2.506], [7.454, 0]], "v": [[41.895, -25.391], [30.811, -10.596], [19.189, -25], [22.217, -35.645], [30.713, -39.404]], "c": true}, "ix": 2}, "nm": "o", "mn": "ADBE Vector Shape - Group", "hd": false}], "nm": "o", "np": 5, "cix": 2, "bm": 0, "ix": 1, "mn": "ADBE Vector Group", "hd": false}]}, "fFamily": "Segoe UI"}, {"ch": "n", "size": 80, "style": "Bold", "w": 60.5, "data": {"shapes": [{"ty": "gr", "it": [{"ind": 0, "ty": "sh", "ix": 1, "ks": {"a": 0, "k": {"i": [[0, 0], [11.067, 0], [3.678, -6.087], [0, 0], [0, 0], [0, 0], [0, 0], [0, 0], [0, 0], [-1.726, 2.051], [-2.67, 0], [0, -7.747], [0, 0], [0, 0]], "o": [[0, -13.737], [-7.031, 0], [0, 0], [0, 0], [0, 0], [0, 0], [0, 0], [0, 0], [0, -3.157], [1.725, -2.051], [5.534, 0], [0, 0], [0, 0], [0, 0]], "v": [[54.785, -30.615], [38.184, -51.221], [22.119, -42.09], [21.924, -42.09], [21.924, -50], [6.494, -50], [6.494, 0], [21.924, 0], [21.924, -28.516], [24.512, -36.328], [31.104, -39.404], [39.404, -27.783], [39.404, 0], [54.785, 0]], "c": true}, "ix": 2}, "nm": "n", "mn": "ADBE Vector Shape - Group", "hd": false}], "nm": "n", "np": 3, "cix": 2, "bm": 0, "ix": 1, "mn": "ADBE Vector Group", "hd": false}]}, "fFamily": "Segoe UI"}, {"ch": "a", "size": 80, "style": "Bold", "w": 53.81, "data": {"shapes": [{"ty": "gr", "it": [{"ind": 0, "ty": "sh", "ix": 1, "ks": {"a": 0, "k": {"i": [[0, 0], [14.258, 0], [3.727, -0.846], [2.148, -1.106], [0, 0], [-5.957, 0], [0, -5.469], [0, 0], [0, -9.7], [-2.783, -2.75], [-4.851, 0], [-3.353, 5.599], [0, 0], [0, 0], [0, 0]], "o": [[0, -14.225], [-3.06, 0], [-3.728, 0.847], [0, 0], [5.371, -3.548], [5.924, 0], [0, 0], [-11.491, 1.498], [0, 4.59], [2.783, 2.751], [6.575, 0], [0, 0], [0, 0], [0, 0], [0, 0]], "v": [[48.096, -29.883], [26.709, -51.221], [16.528, -49.951], [7.715, -47.021], [7.715, -35.4], [24.707, -40.723], [33.594, -32.52], [20.02, -30.713], [2.783, -13.916], [6.958, -2.905], [18.408, 1.221], [33.301, -7.178], [33.496, -7.178], [33.496, 0], [48.096, 0]], "c": true}, "ix": 2}, "nm": "a", "mn": "ADBE Vector Shape - Group", "hd": false}, {"ind": 1, "ty": "sh", "ix": 2, "ks": {"a": 0, "k": {"i": [[1.823, -2.002], [2.897, 0], [1.221, 1.123], [0, 1.758], [-5.013, 0.652], [0, 0], [0, 0]], "o": [[-1.823, 2.002], [-2.084, 0], [-1.221, -1.123], [0, -3.873], [0, 0], [0, 0], [0, 3.06]], "v": [[30.859, -12.72], [23.779, -9.717], [18.823, -11.401], [16.992, -15.723], [24.512, -22.51], [33.594, -23.682], [33.594, -20.312]], "c": true}, "ix": 2}, "nm": "a", "mn": "ADBE Vector Shape - Group", "hd": false}], "nm": "a", "np": 5, "cix": 2, "bm": 0, "ix": 1, "mn": "ADBE Vector Group", "hd": false}]}, "fFamily": "Segoe UI"}, {"ch": null, "size": 80, "style": "Bold", "w": 27.59, "data": [], "fFamily": "Segoe UI"}, {"ch": "I", "size": 80, "style": "Bold", "w": 31.69, "data": {"shapes": [{"ty": "gr", "it": [{"ind": 0, "ty": "sh", "ix": 1, "ks": {"a": 0, "k": {"i": [[0, 0], [0, 0], [0, 0], [0, 0]], "o": [[0, 0], [0, 0], [0, 0], [0, 0]], "v": [[23.779, -70.02], [8.008, -70.02], [8.008, 0], [23.779, 0]], "c": true}, "ix": 2}, "nm": "I", "mn": "ADBE Vector Shape - Group", "hd": false}], "nm": "I", "np": 3, "cix": 2, "bm": 0, "ix": 1, "mn": "ADBE Vector Group", "hd": false}]}, "fFamily": "Segoe UI"}, {"ch": "g", "size": 80, "style": "Bold", "w": 61.91, "data": {"shapes": [{"ty": "gr", "it": [{"ind": 0, "ty": "sh", "ix": 1, "ks": {"a": 0, "k": {"i": [[0, 0], [0, 0], [0, 0], [0, 0], [6.087, 0], [4.166, -4.98], [0, -8.463], [-3.744, -4.492], [-6.38, 0], [-3.516, 5.599], [0, 0], [0, 0], [2.864, -2.751], [5.208, 0], [5.143, 2.995], [0, 0], [-6.738, 0], [-5.371, 5.094], [0, 9.277]], "o": [[0, 0], [0, 0], [0, 0], [-3.027, -4.688], [-6.804, 0], [-4.167, 4.98], [0, 7.552], [3.743, 4.492], [6.868, 0], [0, 0], [0, 0], [0, 4.72], [-2.865, 2.75], [-5.241, 0], [0, 0], [3.938, 1.92], [10.188, 0], [5.371, -5.095], [0, 0]], "v": [[55.518, -50], [40.088, -50], [40.088, -44.189], [39.893, -44.189], [26.221, -51.221], [9.766, -43.75], [3.516, -23.584], [9.131, -5.518], [24.316, 1.221], [39.893, -7.178], [40.088, -7.178], [40.088, -3.223], [35.791, 7.983], [23.682, 12.109], [8.105, 7.617], [8.105, 20.605], [24.121, 23.486], [47.461, 15.845], [55.518, -5.713]], "c": true}, "ix": 2}, "nm": "g", "mn": "ADBE Vector Shape - Group", "hd": false}, {"ind": 1, "ty": "sh", "ix": 2, "ks": {"a": 0, "k": {"i": [[1.969, -2.457], [3.19, 0], [1.855, 2.425], [0, 4.167], [-1.953, 2.67], [-3.418, 0], [-1.872, -2.229], [0, -3.157], [0, 0]], "o": [[-1.97, 2.458], [-3.223, 0], [-1.855, -2.425], [0, -4.85], [1.953, -2.669], [2.995, 0], [1.871, 2.23], [0, 0], [0, 4.037]], "v": [[37.329, -14.282], [29.59, -10.596], [21.973, -14.233], [19.189, -24.121], [22.119, -35.4], [30.176, -39.404], [37.476, -36.06], [40.283, -27.979], [40.283, -24.023]], "c": true}, "ix": 2}, "nm": "g", "mn": "ADBE Vector Shape - Group", "hd": false}], "nm": "g", "np": 5, "cix": 2, "bm": 0, "ix": 1, "mn": "ADBE Vector Group", "hd": false}]}, "fFamily": "Segoe UI"}]}